{
    "src_points": [
        [
            789,
            48
        ],
        [
            1136,
            41
        ],
        [
            1402,
            908
        ],
        [
            552,
            901
        ]
    ],
    "dst_points": [
        [
            0,
            0
        ],
        [
            400,
            0
        ],
        [
            400,
            700
        ],
        [
            0,
            700
        ]
    ],
    "birdseye_w": 400,
    "birdseye_h": 700,
    "matrix": [
        [
            1.3547336984458012,
            0.3764031495095603,
            -1086.9522392501963
        ],
        [
            0.046706070163084465,
            2.3152866209414538,
            -147.9848471638635
        ],
        [
            7.785157190633593e-05,
            0.0019562205512126227,
            1.0
        ]
    ],
    "matrix_inv": [
        [
            0.7228519914068839,
            -0.6945303798241809,
            682.9256185972346
        ],
        [
            -0.01615855688153682,
            0.3994353909364355,
            41.546805694128345
        ],
        [
            -2.4665462737050665e-05,
            -0.0007273134388254862,
            0.8655584519610069
        ]
    ]
}